user,title,date,filename
c21221203,IGBT,2018-10-29,IGBT關鍵零件佔電動車成本上看10%.pdf
c21221203,手機,2018-11-05,產銷調查 白牌出貨大減壓抑市場旺季表現　4Q18全球平板出貨量將季減2.3%.ppt
c21221203,英特爾,2018-11-05,產銷調查 英特爾CPU缺貨問題暫緩　4Q18全球NB出貨將與去年同期持平.ppt
c21221203,手機,2018-11-05,產銷調查 3Q18大陸內需市場智慧型手機出貨年減7%　預估4Q18年減逾1成.ppt
c21221203,半導體,2018-11-05,產銷調查 4Q18大陸市場智慧型手機AP出貨將季減4.6%　28奈米製程AP比重將續降.ppt
c21221203,伺服器,2018-11-05,產銷調查 3Q18全球伺服器出貨低於預期　4Q18將季減9%.ppt
c21221203,總經2019,2018-12-03,富邦2019趨勢論壇.pdf
c21221203,汽車,2018-12-03,IEK_眺望2019系列_全球電動機車產業現況與商機展望_181116.pdf
c21221203,汽車,2018-12-03,IEK_眺望2019系列_汽車零組件產業回顧與展望_181116.pdf
c21221203,總經中信,2018-12-03,近期全球股市動盪對台股影響及因應之投資策略(勞退舊)-11152018.ppt
c21221203,總經,2018-12-25,2019全球總經策略20181220.pdf
c21221203,電子,2018-12-25,2019年電子產業展望20181220.pdf
c21221203,總經,2018-12-25,附檔1_2019年臺灣經濟預測.pdf
c21221203,總經,2018-12-25,53705_20181220_2019年全球經濟展望.pdf
c21221203,半導體,2019-01-27,国盛证券-电子：美股半导体为什么大涨-190125.pdf
c21221203,半導體,2019-01-29,CES 2019_半導體產品趨勢與應用商機.pdf
c21221203,5G,2019-01-29,國泰證券5G關鍵技術與供應鏈商機.pdf
c21221203,電子零組件,2019-01-29,CES 2019_ Smart Future趨勢下之電子零組件產品技術新方向.pdf
c21221203,永冠,2019-01-30,1589-永冠-KY-20190125-宏遠投顧.pdf
popowing,偏光片產業報告,2019-02-22,偏光片產業報告.pdf
